Modelo,Accuracy,AUC-ROC,Precision_1,Recall_1,F1-score_1,TN,FP,FN,TP
lr_smote_parcial,0.8032786885245902,0.8627450980392156,0.4166666666666667,0.5,0.45454545454545453,44,7,5,5
svc_smote_parcial,0.8360655737704918,0.8980392156862744,0.5,0.6,0.5454545454545454,45,6,4,6
xgb_smote_parcial,0.8688524590163934,0.803921568627451,0.5833333333333334,0.7,0.6363636363636364,46,5,3,7
