Modelo,Accuracy,AUC-ROC,Precision_1,Recall_1,F1-score_1,TN,FP,FN,TP
lr_smote_total,0.819672131147541,0.8627450980392157,0.46153846153846156,0.6,0.5217391304347826,44,7,4,6
svc_smote_total,0.8360655737704918,0.896078431372549,0.5,0.6,0.5454545454545454,45,6,4,6
xgb_smote_total,0.8524590163934426,0.8176470588235294,0.5384615384615384,0.7,0.6086956521739131,45,6,3,7
