Modelo,Accuracy,AUC-ROC,Precision_1,Recall_1,F1-score_1,TN,FP,FN,TP
lr_classweight,0.6989247311827957,0.7333024118738405,0.6904761904761905,0.6590909090909091,0.6744186046511628,36,13,15,29
svc_classweight,0.5591397849462365,0.5398886827458256,0.5714285714285714,0.2727272727272727,0.36923076923076925,40,9,32,12
xgb_classweight,0.6666666666666666,0.703617810760668,0.76,0.4318181818181818,0.5507246376811594,43,6,25,19
