Modelo,Accuracy,AUC-ROC,Precision_1,Recall_1,F1-score_1,TN,FP,FN,TP
lr,0.819672131147541,0.8254901960784313,0.4444444444444444,0.4,0.42105263157894735,46,5,6,4
svc,0.819672131147541,0.8764705882352941,0.46153846153846156,0.6,0.5217391304347826,44,7,4,6
xgb,0.8688524590163934,0.788235294117647,0.5833333333333334,0.7,0.6363636363636364,46,5,3,7
