Modelo,Accuracy,AUC-ROC,Precision_1,Recall_1,F1-score_1,TN,FP,FN,TP
lr_smote_parcial,0.6881720430107527,0.7379406307977736,0.6829268292682927,0.6363636363636364,0.6588235294117647,36,13,16,28
svc_smote_parcial,0.5376344086021505,0.537569573283859,0.5263157894736842,0.22727272727272727,0.31746031746031744,40,9,34,10
xgb_smote_parcial,0.6021505376344086,0.6781076066790352,0.6296296296296297,0.38636363636363635,0.4788732394366197,39,10,27,17
